segment_label,country,n_clients
Corporate Buyers,Australia,13
Corporate Buyers,Belgium,22
Corporate Buyers,Canada,27
Corporate Buyers,Denmark,3
Corporate Buyers,France,18
Corporate Buyers,Germany,16
Corporate Buyers,Mexico,18
Corporate Buyers,Russia,15
Corporate Buyers,UK,33
Corporate Buyers,USA,584
First-Time Buyers,Australia,18
First-Time Buyers,Belgium,9
First-Time Buyers,Canada,34
First-Time Buyers,Denmark,5
First-Time Buyers,France,18
First-Time Buyers,Germany,24
First-Time Buyers,Mexico,10
First-Time Buyers,Russia,10
First-Time Buyers,UK,27
First-Time Buyers,USA,439
Global Investors,Belgium,1
Global Investors,Canada,1
Global Investors,France,1
Global Investors,Germany,1
Global Investors,UK,3
Global Investors,USA,36
Luxury Investors,Australia,8
Luxury Investors,Belgium,11
Luxury Investors,Canada,23
Luxury Investors,Denmark,7
Luxury Investors,France,16
Luxury Investors,Germany,15
Luxury Investors,Mexico,12
Luxury Investors,Russia,11
Luxury Investors,UK,32
Luxury Investors,USA,479
