segment_label,region,n_clients
Corporate Buyers,Alberta,7
Corporate Buyers,Arizona,35
Corporate Buyers,Baja California,3
Corporate Buyers,Bavaria,3
Corporate Buyers,Berlin,3
Corporate Buyers,British Columbia,11
Corporate Buyers,Brittany,7
Corporate Buyers,Brussels,7
Corporate Buyers,California,256
Corporate Buyers,Capital Region,2
Corporate Buyers,Colorado,59
Corporate Buyers,England,9
Corporate Buyers,Flanders,7
Corporate Buyers,Florida,18
Corporate Buyers,Georgia,13
Corporate Buyers,Hamburg,5
Corporate Buyers,Hesse,2
Corporate Buyers,Ile-de-France,4
Corporate Buyers,Jalisco,5
Corporate Buyers,Krasnodar Krai,3
Corporate Buyers,Manitoba,2
Corporate Buyers,Mexico City,4
Corporate Buyers,Moscow Oblast,1
Corporate Buyers,Nevada,56
Corporate Buyers,New South Wales,3
Corporate Buyers,New York,17
Corporate Buyers,North Denmark,1
Corporate Buyers,North Rhine-Westphalia,3
Corporate Buyers,Northern Ireland,8
Corporate Buyers,Novosibirsk,3
Corporate Buyers,Nuevo Leon,3
Corporate Buyers,Occitanie,1
Corporate Buyers,Ohio,8
Corporate Buyers,Ontario,3
Corporate Buyers,Oregon,39
Corporate Buyers,Provence,6
Corporate Buyers,Puebla,3
Corporate Buyers,Quebec,4
Corporate Buyers,Queensland,2
Corporate Buyers,Saint Petersburg,5
Corporate Buyers,Scotland,10
Corporate Buyers,South Australia,1
Corporate Buyers,Tatarstan,3
Corporate Buyers,Texas,18
Corporate Buyers,Utah,33
Corporate Buyers,Victoria,5
Corporate Buyers,Virginia,15
Corporate Buyers,Wales,6
Corporate Buyers,Wallonia,8
Corporate Buyers,Washington,16
Corporate Buyers,Western Australia,2
Corporate Buyers,Wyoming,1
First-Time Buyers,Alberta,12
First-Time Buyers,Arizona,34
First-Time Buyers,Baja California,2
First-Time Buyers,Bavaria,4
First-Time Buyers,Berlin,6
First-Time Buyers,British Columbia,4
First-Time Buyers,Brittany,3
First-Time Buyers,Brussels,1
First-Time Buyers,California,158
First-Time Buyers,Capital Region,1
First-Time Buyers,Central Denmark,1
First-Time Buyers,Colorado,29
First-Time Buyers,England,8
First-Time Buyers,Flanders,4
First-Time Buyers,Florida,12
First-Time Buyers,Georgia,12
First-Time Buyers,Hamburg,7
First-Time Buyers,Hesse,4
First-Time Buyers,Ile-de-France,5
First-Time Buyers,Jalisco,2
First-Time Buyers,Krasnodar Krai,5
First-Time Buyers,Manitoba,9
First-Time Buyers,Moscow Oblast,1
First-Time Buyers,Nevada,35
First-Time Buyers,New South Wales,9
First-Time Buyers,New York,13
First-Time Buyers,Normandy,3
First-Time Buyers,North Denmark,1
First-Time Buyers,North Rhine-Westphalia,3
First-Time Buyers,Northern Ireland,7
First-Time Buyers,Novosibirsk,2
First-Time Buyers,Nuevo Leon,3
First-Time Buyers,Occitanie,4
First-Time Buyers,Ohio,7
First-Time Buyers,Ontario,4
First-Time Buyers,Oregon,29
First-Time Buyers,Provence,3
First-Time Buyers,Puebla,3
First-Time Buyers,Quebec,5
First-Time Buyers,Queensland,2
First-Time Buyers,Saint Petersburg,1
First-Time Buyers,Scotland,7
First-Time Buyers,South Australia,1
First-Time Buyers,Southern Denmark,1
First-Time Buyers,Tatarstan,1
First-Time Buyers,Texas,22
First-Time Buyers,Utah,30
First-Time Buyers,Victoria,3
First-Time Buyers,Virginia,27
First-Time Buyers,Wales,5
First-Time Buyers,Wallonia,4
First-Time Buyers,Washington,31
First-Time Buyers,Western Australia,3
First-Time Buyers,Zealand,1
Global Investors,Arizona,1
Global Investors,Brussels,1
Global Investors,California,19
Global Investors,England,1
Global Investors,Florida,3
Global Investors,Ile-de-France,1
Global Investors,Kansas,1
Global Investors,Nevada,4
Global Investors,North Rhine-Westphalia,1
Global Investors,Oregon,3
Global Investors,Quebec,1
Global Investors,Scotland,2
Global Investors,Texas,1
Global Investors,Virginia,4
Luxury Investors,Alberta,8
Luxury Investors,Arizona,38
Luxury Investors,Baja California,2
Luxury Investors,Bavaria,5
Luxury Investors,Berlin,2
Luxury Investors,British Columbia,5
Luxury Investors,Brittany,6
Luxury Investors,Brussels,3
Luxury Investors,California,200
Luxury Investors,Capital Region,2
Luxury Investors,Colorado,30
Luxury Investors,England,11
Luxury Investors,Flanders,5
Luxury Investors,Florida,17
Luxury Investors,Georgia,9
Luxury Investors,Hamburg,4
Luxury Investors,Hesse,1
Luxury Investors,Ile-de-France,5
Luxury Investors,Jalisco,2
Luxury Investors,Krasnodar Krai,2
Luxury Investors,Manitoba,4
Luxury Investors,Mexico City,3
Luxury Investors,Moscow Oblast,1
Luxury Investors,Nevada,48
Luxury Investors,New South Wales,1
Luxury Investors,New York,19
Luxury Investors,Normandy,1
Luxury Investors,North Denmark,2
Luxury Investors,North Rhine-Westphalia,3
Luxury Investors,Northern Ireland,9
Luxury Investors,Nuevo Leon,4
Luxury Investors,Occitanie,3
Luxury Investors,Ohio,9
Luxury Investors,Ontario,2
Luxury Investors,Oregon,25
Luxury Investors,Provence,1
Luxury Investors,Puebla,1
Luxury Investors,Quebec,4
Luxury Investors,Saint Petersburg,4
Luxury Investors,Scotland,6
Luxury Investors,South Australia,1
Luxury Investors,Southern Denmark,2
Luxury Investors,Tatarstan,4
Luxury Investors,Texas,15
Luxury Investors,Utah,24
Luxury Investors,Victoria,5
Luxury Investors,Virginia,19
Luxury Investors,Wales,6
Luxury Investors,Wallonia,3
Luxury Investors,Washington,26
Luxury Investors,Western Australia,1
Luxury Investors,Zealand,1
